rank,finalWorth,category,personName,age,country,city,source,industries,countryOfCitizenship,organization,selfMade,status,gender,birthDate,lastName,firstName,title,date,state,residenceStateRegion,birthYear,birthMonth,birthDay,cpi_country,cpi_change_country,gdp_country,gross_tertiary_education_enrollment,gross_primary_education_enrollment_country,life_expectancy_country,tax_revenue_country_country,total_tax_rate_country,population_country,latitude_country,longitude_country
1,211000,Fashion & Retail,Bernard Arnault & family,74,France,Paris,LVMH,Fashion & Retail,France,LVMH Moët Hennessy Louis Vuitton,FALSE,U,M,3/5/1949 0:00,Arnault,Bernard,Chairman and CEO,04-04-2023 05:01,,,1949,3,5,110.05,1.1,"$2,715,518,274,227 ",65.6,102.5,82.5,24.2,60.7,67059887,46.227638,2.213749
2,180000,Automotive,Elon Musk,51,United States,Austin,"Tesla, SpaceX",Automotive,United States,Tesla,TRUE,D,M,6/28/1971 0:00,Musk,Elon,CEO,04-04-2023 05:01,Texas,South,1971,6,28,117.24,7.5,"$21,427,700,000,000 ",88.2,101.8,78.5,9.6,36.6,328239523,37.09024,-95.712891
3,114000,Technology,Jeff Bezos,59,United States,Medina,Amazon,Technology,United States,Amazon,TRUE,D,M,1/12/1964 0:00,Bezos,Jeff,Chairman and Founder,04-04-2023 05:01,Washington,West,1964,1,12,117.24,7.5,"$21,427,700,000,000 ",88.2,101.8,78.5,9.6,36.6,328239523,37.09024,-95.712891
4,107000,Technology,Larry Ellison,78,United States,Lanai,Oracle,Technology,United States,Oracle,TRUE,U,M,8/17/1944 0:00,Ellison,Larry,CTO and Founder,04-04-2023 05:01,Hawaii,West,1944,8,17,117.24,7.5,"$21,427,700,000,000 ",88.2,101.8,78.5,9.6,36.6,328239523,37.09024,-95.712891
5,106000,Finance & Investments,Warren Buffett,92,United States,Omaha,Berkshire Hathaway,Finance & Investments,United States,Berkshire Hathaway Inc. (Cl A),TRUE,D,M,8/30/1930 0:00,Buffett,Warren,CEO,04-04-2023 05:01,Nebraska,Midwest,1930,8,30,117.24,7.5,"$21,427,700,000,000 ",88.2,101.8,78.5,9.6,36.6,328239523,37.09024,-95.712891
6,104000,Technology,Bill Gates,67,United States,Medina,Microsoft,Technology,United States,Bill & Melinda Gates Foundation,TRUE,D,M,10/28/1955 0:00,Gates,Bill,Cochair,04-04-2023 05:01,Washington,West,1955,10,28,117.24,7.5,"$21,427,700,000,000 ",88.2,101.8,78.5,9.6,36.6,328239523,37.09024,-95.712891
7,94500,Media & Entertainment,Michael Bloomberg,81,United States,New York,Bloomberg LP,Media & Entertainment,United States,Bloomberg,TRUE,U,M,2/14/1942 0:00,Bloomberg,Michael,CEO,04-04-2023 05:01,New York,Northeast,1942,2,14,117.24,7.5,"$21,427,700,000,000 ",88.2,101.8,78.5,9.6,36.6,328239523,37.09024,-95.712891
8,93000,Telecom,Carlos Slim Helu & family,83,Mexico,Mexico City,Telecom,Telecom,Mexico,América Móvil,TRUE,U,M,1/28/1940 0:00,Slim Helu,Carlos,Honorary Chairman,04-04-2023 05:01,,,1940,1,28,141.54,3.6,"$1,258,286,717,125 ",40.2,105.8,75,13.1,55.1,126014024,23.634501,-102.552784
9,83400,Diversified,Mukesh Ambani,65,India,Mumbai,Diversified,Diversified,India,Reliance Industries,FALSE,D,M,4/19/1957 0:00,Ambani,Mukesh,Founder and Chairman,04-04-2023 05:01,,,1957,4,19,180.44,7.7,"$2,611,000,000,000 ",28.1,113,69.4,11.2,49.7,1366417754,20.593684,78.96288
10,80700,Technology,Steve Ballmer,67,United States,Hunts Point,Microsoft,Technology,United States,Los Angeles Clippers,TRUE,D,M,3/24/1956 0:00,Ballmer,Steve,Owner,04-04-2023 05:01,Washington,West,1956,3,24,117.24,7.5,"$21,427,700,000,000 ",88.2,101.8,78.5,9.6,36.6,328239523,37.09024,-95.712891
11,80500,Fashion & Retail,Francoise Bettencourt Meyers & family,69,France,Paris,L'Oréal,Fashion & Retail,France,,FALSE,U,F,7/10/1953 0:00,Bettencourt Meyers,Francoise,,04-04-2023 05:01,,,1953,7,10,110.05,1.1,"$2,715,518,274,227 ",65.6,102.5,82.5,24.2,60.7,67059887,46.227638,2.213749
12,79200,Technology,Larry Page,50,United States,Palo Alto,Google,Technology,United States,Alphabet,TRUE,D,M,3/26/1973 0:00,Page,Larry,Cofounder and board member,04-04-2023 05:01,California,West,1973,3,26,117.24,7.5,"$21,427,700,000,000 ",88.2,101.8,78.5,9.6,36.6,328239523,37.09024,-95.712891
13,77300,Fashion & Retail,Amancio Ortega,87,Spain,La Coruna,Zara,Fashion & Retail,Spain,,TRUE,U,M,3/28/1936 0:00,Ortega,Amancio,,04-04-2023 05:01,,,1936,3,28,110.96,0.7,"$1,394,116,310,769 ",88.9,102.7,83.3,14.2,47,47076781,40.463667,-3.74922
14,76000,Technology,Sergey Brin,49,United States,Los Altos,Google,Technology,United States,Alphabet,TRUE,D,M,8/21/1973 0:00,Brin,Sergey,Cofounder and board member,04-04-2023 05:01,California,West,1973,8,21,117.24,7.5,"$21,427,700,000,000 ",88.2,101.8,78.5,9.6,36.6,328239523,37.09024,-95.712891
15,68000,Food & Beverage,Zhong Shanshan,68,China,Hangzhou,"Beverages, pharmaceuticals",Food & Beverage,China,,TRUE,U,M,12/1/1954 0:00,Zhong,Shanshan,,04-04-2023 05:01,,,1954,12,1,125.08,2.9,"$19,910,000,000,000 ",50.6,100.2,77,9.4,59.2,1397715000,35.86166,104.195397
16,64400,Technology,Mark Zuckerberg,38,United States,Palo Alto,Facebook,Technology,United States,Meta Platforms,TRUE,D,M,5/14/1984 0:00,Zuckerberg,Mark,Cofounder,04-04-2023 05:01,California,West,1984,5,14,117.24,7.5,"$21,427,700,000,000 ",88.2,101.8,78.5,9.6,36.6,328239523,37.09024,-95.712891
17,59000,Diversified,Charles Koch & family,87,United States,Wichita,Koch Industries,Diversified,United States,"Koch Industries, Inc.",FALSE,D,M,11/1/1935 0:00,Koch,Charles,Chairman and CEO,04-04-2023 05:01,Kansas,Midwest,1935,11,1,117.24,7.5,"$21,427,700,000,000 ",88.2,101.8,78.5,9.6,36.6,328239523,37.09024,-95.712891
19,58800,Fashion & Retail,Jim Walton,74,United States,Bentonville,Walmart,Fashion & Retail,United States,"Arvest Bank Group, Inc.",FALSE,D,M,6/7/1948 0:00,Walton,Jim,Chairman and CEO,04-04-2023 05:01,Arkansas,South,1948,6,7,117.24,7.5,"$21,427,700,000,000 ",88.2,101.8,78.5,9.6,36.6,328239523,37.09024,-95.712891
20,57600,Fashion & Retail,Rob Walton & family,78,United States,Bentonville,Walmart,Fashion & Retail,United States,Walmart,FALSE,D,M,10/27/1944 0:00,Walton,Rob,Director,04-04-2023 05:01,Arkansas,South,1944,10,27,117.24,7.5,"$21,427,700,000,000 ",88.2,101.8,78.5,9.6,36.6,328239523,37.09024,-95.712891
21,56700,Fashion & Retail,Alice Walton,73,United States,Fort Worth,Walmart,Fashion & Retail,United States,Crystal Bridges Museum of American Art,FALSE,D,F,10/7/1949 0:00,Walton,Alice,Philanthropist,04-04-2023 05:01,Texas,South,1949,10,7,117.24,7.5,"$21,427,700,000,000 ",88.2,101.8,78.5,9.6,36.6,328239523,37.09024,-95.712891
22,54400,Media & Entertainment,David Thomson & family,65,Canada,Toronto,Media,Media & Entertainment,Canada,Thomson Reuters Corporation,FALSE,U,M,6/12/1957 0:00,Thomson,David,Chairman,04-04-2023 05:01,,,1957,6,12,116.76,1.9,"$1,736,425,629,520 ",68.9,100.9,81.9,12.8,24.5,36991981,56.130366,-106.346771
23,50100,Technology,Michael Dell,58,United States,Austin,Dell Technologies,Technology,United States,Dell Inc.,TRUE,D,M,2/23/1965 0:00,Dell,Michael,Chairman and CEO,04-04-2023 05:01,Texas,South,1965,2,23,117.24,7.5,"$21,427,700,000,000 ",88.2,101.8,78.5,9.6,36.6,328239523,37.09024,-95.712891
24,47200,Diversified,Gautam Adani,60,India,Ahmedabad,"Infrastructure, commodities",Diversified,India,,TRUE,D,M,6/24/1962 0:00,Adani,Gautam,,04-04-2023 05:01,,,1962,6,24,180.44,7.7,"$2,611,000,000,000 ",28.1,113,69.4,11.2,49.7,1366417754,20.593684,78.96288
25,45100,Fashion & Retail,Phil Knight & family,85,United States,Hillsboro,Nike,Fashion & Retail,United States,Nike,TRUE,D,M,2/24/1938 0:00,Knight,Phil,Chairman,04-04-2023 05:01,Oregon,West,1938,2,24,117.24,7.5,"$21,427,700,000,000 ",88.2,101.8,78.5,9.6,36.6,328239523,37.09024,-95.712891
26,45000,Technology,Zhang Yiming,39,China,Beijing,TikTok,Technology,China,ByteDance,TRUE,D,M,1/1/1984 0:00,Zhang,Yiming,Founder,04-04-2023 05:01,,,1984,1,1,125.08,2.9,"$19,910,000,000,000 ",50.6,100.2,77,9.4,59.2,1397715000,35.86166,104.195397
27,42900,Fashion & Retail,Dieter Schwarz,83,Germany,Neckarsulm,Retail,Fashion & Retail,Germany,,FALSE,D,M,9/24/1939 0:00,Schwarz,Dieter,,04-04-2023 05:01,,,1939,9,24,112.85,1.4,"$3,845,630,030,824 ",70.2,104,80.9,11.5,48.8,83132799,51.165691,10.451526
28,40100,Fashion & Retail,François Pinault & family,86,France,Paris,Luxury goods,Fashion & Retail,France,,TRUE,D,M,8/21/1936 0:00,Pinault,François,,04-04-2023 05:01,,,1936,8,21,110.05,1.1,"$2,715,518,274,227 ",65.6,102.5,82.5,24.2,60.7,67059887,46.227638,2.213749
29,39100,Logistics,Klaus-Michael Kuehne,85,Switzerland,Schindellegi,Shipping,Logistics,Germany,,FALSE,U,M,6/2/1937 0:00,Kuehne,Klaus-Michael,,04-04-2023 05:01,,,1937,6,2,99.55,0.4,"$703,082,435,360 ",59.6,105.2,83.6,10.1,28.8,8574832,46.818188,8.227512
30,38900,Food & Beverage,Giovanni Ferrero,58,Belgium,Brussels,"Nutella, chocolates",Food & Beverage,Italy,,FALSE,U,M,9/21/1964 0:00,Ferrero,Giovanni,,04-04-2023 05:01,,,1964,9,21,117.11,1.4,"$529,606,710,418 ",79.7,103.9,81.6,24,55.4,11484055,50.503887,4.469936
31,38300,Food & Beverage,Jacqueline Mars,83,United States,The Plains,"Candy, pet food",Food & Beverage,United States,,FALSE,U,F,10/10/1939 0:00,Mars,Jacqueline,,04-04-2023 05:01,Virginia,South,1939,10,10,117.24,7.5,"$21,427,700,000,000 ",88.2,101.8,78.5,9.6,36.6,328239523,37.09024,-95.712891
33,38000,Diversified,Li Ka-shing,94,Hong Kong,,Diversified,Diversified,Hong Kong,CK Hutchison Holdings,TRUE,U,M,6/13/1928 0:00,Li,Ka-shing,Senior Advisor,04-04-2023 05:01,,,1928,6,13,,,,,,,,,,,
34,35300,Technology,Ma Huateng,51,China,Shenzhen,Internet media,Technology,China,Tencent Holdings,TRUE,D,M,10/29/1971 0:00,Ma,Huateng,Chairman and CEO,04-04-2023 05:01,,,1971,10,29,125.08,2.9,"$19,910,000,000,000 ",50.6,100.2,77,9.4,59.2,1397715000,35.86166,104.195397
35,35000,Gambling & Casinos,Miriam Adelson & family,77,United States,Las Vegas,Casinos,Gambling & Casinos,United States,,FALSE,U,F,10/10/1945 0:00,Adelson,Miriam,,04-04-2023 05:01,Nevada,West,1945,10,10,117.24,7.5,"$21,427,700,000,000 ",88.2,101.8,78.5,9.6,36.6,328239523,37.09024,-95.712891
37,34700,Food & Beverage,Mark Mateschitz,30,Austria,Salzburg,Red Bull,Food & Beverage,Austria,,FALSE,N,M,5/7/1992 0:00,Mateschitz,Mark,,04-04-2023 05:01,,,1992,5,7,118.06,1.5,"$446,314,739,528 ",85.1,103.1,81.6,25.4,51.4,8877067,47.516231,14.550072
38,33400,Automotive,Robin Zeng,54,China,Ningde,Batteries,Automotive,Hong Kong,,TRUE,D,M,1/1/1969 0:00,Zeng,Robin,,04-04-2023 05:01,,,1969,1,1,125.08,2.9,"$19,910,000,000,000 ",50.6,100.2,77,9.4,59.2,1397715000,35.86166,104.195397
39,32600,Fashion & Retail,Tadashi Yanai & family,74,Japan,Tokyo,Fashion retail,Fashion & Retail,Japan,,TRUE,U,M,2/7/1949 0:00,Yanai,Tadashi,,04-04-2023 05:01,,,1949,2,7,105.48,0.5,"$5,081,769,542,380 ",63.2,98.8,84.2,11.9,46.7,126226568,36.204824,138.252924
40,32100,Diversified,Len Blavatnik,65,United Kingdom,London,"Music, chemicals",Diversified,United States,,TRUE,D,M,6/1/1957 0:00,Blavatnik,Len,,04-04-2023 05:01,,,1957,6,1,119.62,1.7,"$2,827,113,184,696 ",60,101.2,81.3,25.5,30.6,66834405,55.378051,-3.435973
41,31600,Fashion & Retail,Alain Wertheimer,74,United States,New York,Chanel,Fashion & Retail,France,,FALSE,U,M,8/28/1948 0:00,Wertheimer,Alain,,04-04-2023 05:01,New York,Northeast,1948,8,28,117.24,7.5,"$21,427,700,000,000 ",88.2,101.8,78.5,9.6,36.6,328239523,37.09024,-95.712891
43,31200,Logistics,Gianluigi Aponte,82,Switzerland,Geneva,Shipping,Logistics,Switzerland,,TRUE,Split Family Fortune,M,6/27/1940 0:00,Aponte,Gianluigi,,04-04-2023 05:01,,,1940,6,27,99.55,0.4,"$703,082,435,360 ",59.6,105.2,83.6,10.1,28.8,8574832,46.818188,8.227512
45,30200,Technology,Colin Zheng Huang,43,China,Shanghai,E-commerce,Technology,China,,TRUE,U,M,2/2/1980 0:00,Huang,Colin Zheng,,04-04-2023 05:01,,,1980,2,2,125.08,2.9,"$19,910,000,000,000 ",50.6,100.2,77,9.4,59.2,1397715000,35.86166,104.195397
46,29700,Manufacturing,Reinhold Wuerth & family,87,Germany,Kuenzelsau,Fasteners,Manufacturing,Germany,,TRUE,U,M,4/20/1935 0:00,Wuerth,Reinhold,,04-04-2023 05:01,,,1935,4,20,112.85,1.4,"$3,845,630,030,824 ",70.2,104,80.9,11.5,48.8,83132799,51.165691,10.451526
47,29500,Real Estate,Lee Shau Kee,95,Hong Kong,Hong Kong,Real estate,Real Estate,Hong Kong,,TRUE,D,M,1/29/1928 0:00,Lee,Shau Kee,,04-04-2023 05:01,,,1928,1,29,,,,,,,,,,,
48,28500,Finance & Investments,Jeff Yass,64,United States,Haverford,"Trading, investments",Finance & Investments,United States,,TRUE,U,M,7/17/1958 0:00,Yass,Jeff,,04-04-2023 05:01,Pennsylvania,Northeast,1958,7,17,117.24,7.5,"$21,427,700,000,000 ",88.2,101.8,78.5,9.6,36.6,328239523,37.09024,-95.712891
49,28100,Finance & Investments,Jim Simons,84,United States,East Setauket,Hedge funds,Finance & Investments,United States,Renaissance Technologies Corp.,TRUE,D,M,4/25/1938 0:00,Simons,Jim,Founder,04-04-2023 05:01,New York,Northeast,1938,4,25,117.24,7.5,"$21,427,700,000,000 ",88.2,101.8,78.5,9.6,36.6,328239523,37.09024,-95.712891
50,27800,Finance & Investments,Stephen Schwarzman,76,United States,New York,Investments,Finance & Investments,United States,Blackstone Group,TRUE,D,M,2/14/1947 0:00,Schwarzman,Stephen,Chairman and CEO,04-04-2023 05:01,New York,Northeast,1947,2,14,117.24,7.5,"$21,427,700,000,000 ",88.2,101.8,78.5,9.6,36.6,328239523,37.09024,-95.712891
51,27400,Automotive,Susanne Klatten,60,Germany,Bad Homburg,"BMW, pharmaceuticals",Automotive,Germany,,FALSE,U,F,4/28/1962 0:00,Klatten,Susanne,,04-04-2023 05:01,,,1962,4,28,112.85,1.4,"$3,845,630,030,824 ",70.2,104,80.9,11.5,48.8,83132799,51.165691,10.451526
52,27000,Metals & Mining,Gina Rinehart,69,Australia,Perth,Mining,Metals & Mining,Australia,Hancock Prospecting,FALSE,D,F,2/9/1954 0:00,Rinehart,Gina,Executive Chairman,04-04-2023 05:01,,,1954,2,9,119.8,1.6,"$1,392,680,589,329 ",113.1,100.3,82.7,23,47.4,25766605,-25.274398,133.775136
53,26700,Technology,William Ding,51,China,Hangzhou,Online games,Technology,China,,TRUE,U,M,10/1/1971 0:00,Ding,William,,04-04-2023 05:01,,,1971,10,1,125.08,2.9,"$19,910,000,000,000 ",50.6,100.2,77,9.4,59.2,1397715000,35.86166,104.195397
54,26600,Metals & Mining,Germán Larrea Mota Velasco & family,69,Mexico,Mexico City,Mining,Metals & Mining,Mexico,,FALSE,D,M,10/26/1953 0:00,Larrea Mota Velasco,Germán,,04-04-2023 05:01,,,1953,10,26,141.54,3.6,"$1,258,286,717,125 ",40.2,105.8,75,13.1,55.1,126014024,23.634501,-102.552784
55,25600,Technology,Shiv Nadar,77,India,Delhi,software services,Technology,India,,TRUE,D,M,7/18/1945 0:00,Nadar,Shiv,,04-04-2023 05:01,,,1945,7,18,180.44,7.7,"$2,611,000,000,000 ",28.1,113,69.4,11.2,49.7,1366417754,20.593684,78.96288
56,25500,Energy,Low Tuck Kwong,74,Indonesia,Jakarta,Coal,Energy,Indonesia,,TRUE,U,M,4/17/1948 0:00,Low Tuck,Kwong,,04-04-2023 05:01,,,1948,4,17,151.18,3,"$1,119,190,780,753 ",36.3,106.4,71.5,10.2,30.1,270203917,-0.789275,113.921327
57,25300,Finance & Investments,Thomas Peterffy,78,United States,Palm Beach,Discount brokerage,Finance & Investments,United States,,TRUE,U,M,9/30/1944 0:00,Peterffy,Thomas,,04-04-2023 05:01,Florida,South,1944,9,30,117.24,7.5,"$21,427,700,000,000 ",88.2,101.8,78.5,9.6,36.6,328239523,37.09024,-95.712891
58,25200,Metals & Mining,Andrey Melnichenko & family,51,United Arab Emirates,Ras Al Khaimah,"Fertilizers, coal",Metals & Mining,Russia,,TRUE,U,M,3/8/1972 0:00,Melnichenko,Andrey,,04-04-2023 05:01,,,1972,3,8,114.52,-1.9,"$421,142,267,938 ",36.8,108.4,77.8,0.1,15.9,9770529,23.424076,53.847818
59,24600,Automotive,Stefan Quandt,56,Germany,Frankfurt,BMW,Automotive,Germany,,FALSE,U,M,5/9/1966 0:00,Quandt,Stefan,,04-04-2023 05:01,,,1966,5,9,112.85,1.4,"$3,845,630,030,824 ",70.2,104,80.9,11.5,48.8,83132799,51.165691,10.451526
60,24400,Technology,MacKenzie Scott,52,United States,Seattle,Amazon,Technology,United States,,FALSE,D,F,4/7/1970 0:00,Scott,MacKenzie,Philanthropist,04-04-2023 05:01,Washington,West,1970,4,7,117.24,7.5,"$21,427,700,000,000 ",88.2,101.8,78.5,9.6,36.6,328239523,37.09024,-95.712891
61,24200,Finance & Investments,R. Budi Hartono,82,Indonesia,Kudus,"Banking, tobacco",Finance & Investments,Indonesia,,FALSE,U,M,1/1/1941 0:00,Hartono,R. Budi,,04-04-2023 05:01,,,1941,1,1,151.18,3,"$1,119,190,780,753 ",36.3,106.4,71.5,10.2,30.1,270203917,-0.789275,113.921327
62,23700,Metals & Mining,Vladimir Potanin,62,Russia,Moscow,Metals,Metals & Mining,Russia,,TRUE,U,M,1/3/1961 0:00,Potanin,Vladimir,,04-04-2023 05:01,,,1961,1,3,180.75,4.5,"$1,699,876,578,871 ",81.9,102.6,72.7,11.4,46.2,144373535,61.52401,105.318756
63,23500,Technology,Jack Ma,58,China,Hangzhou,E-commerce,Technology,China,,TRUE,U,M,9/10/1964 0:00,Ma,Jack,,04-04-2023 05:01,,,1964,9,10,125.08,2.9,"$19,910,000,000,000 ",50.6,100.2,77,9.4,59.2,1397715000,35.86166,104.195397
64,23400,Manufacturing,He Xiangjian & family,80,China,Foshan,Home appliances,Manufacturing,China,,TRUE,D,M,8/11/1942 0:00,He,Xiangjian,,04-04-2023 05:01,,,1942,8,11,125.08,2.9,"$19,910,000,000,000 ",50.6,100.2,77,9.4,59.2,1397715000,35.86166,104.195397
65,23100,Metals & Mining,Iris Fontbona & family,80,Chile,Santiago,Mining,Metals & Mining,Chile,,FALSE,U,F,1/1/1943 0:00,Fontbona,Iris,,04-04-2023 05:01,,,1943,1,1,131.91,2.6,"$282,318,159,745 ",88.5,101.4,80,18.2,34,18952038,-35.675147,-71.542969
67,22900,Manufacturing,James Ratcliffe,70,United Kingdom,London,Chemicals,Manufacturing,United Kingdom,,TRUE,U,M,1/1/1953 0:00,Ratcliffe,James,,04-04-2023 05:01,,,1953,1,1,119.62,1.7,"$2,827,113,184,696 ",60,101.2,81.3,25.5,30.6,66834405,55.378051,-3.435973
68,22600,Healthcare,Cyrus Poonawalla,81,India,Pune,Vaccines,Healthcare,India,,FALSE,D,M,5/11/1941 0:00,Poonawalla,Cyrus,,04-04-2023 05:01,,,1941,5,11,180.44,7.7,"$2,611,000,000,000 ",28.1,113,69.4,11.2,49.7,1366417754,20.593684,78.96288
69,22400,Telecom,Masayoshi Son,65,Japan,Tokyo,"Internet, telecom",Telecom,Japan,SoftBank Group Corp.,TRUE,U,M,8/11/1957 0:00,Son,Masayoshi,CEO,04-04-2023 05:01,,,1957,8,11,105.48,0.5,"$5,081,769,542,380 ",63.2,98.8,84.2,11.9,46.7,126226568,36.204824,138.252924
70,22100,Metals & Mining,Vladimir Lisin,66,Russia,Moscow,"Steel, transport",Metals & Mining,Russia,,TRUE,U,M,5/7/1956 0:00,Lisin,Vladimir,,04-04-2023 05:01,,,1956,5,7,180.75,4.5,"$1,699,876,578,871 ",81.9,102.6,72.7,11.4,46.2,144373535,61.52401,105.318756
71,22000,Food & Beverage,Emmanuel Besnier,52,France,Laval,Cheese,Food & Beverage,France,,FALSE,D,M,9/18/1970 0:00,Besnier,Emmanuel,,04-04-2023 05:01,,,1970,9,18,110.05,1.1,"$2,715,518,274,227 ",65.6,102.5,82.5,24.2,60.7,67059887,46.227638,2.213749
72,21600,Finance & Investments,Abigail Johnson,61,United States,Milton,Fidelity,Finance & Investments,United States,Fidelity Investments,FALSE,U,F,12/19/1961 0:00,Johnson,Abigail,CEO,04-04-2023 05:01,Massachusetts,Northeast,1961,12,19,117.24,7.5,"$21,427,700,000,000 ",88.2,101.8,78.5,9.6,36.6,328239523,37.09024,-95.712891
74,21200,Fashion & Retail,Lukas Walton,36,United States,Chicago,Walmart,Fashion & Retail,United States,,FALSE,U,M,9/19/1986 0:00,Walton,Lukas,,04-04-2023 05:01,Illinois,Midwest,1986,9,19,117.24,7.5,"$21,427,700,000,000 ",88.2,101.8,78.5,9.6,36.6,328239523,37.09024,-95.712891
76,21100,Technology,Jensen Huang,60,United States,Los Altos,Semiconductors,Technology,United States,Nvidia,TRUE,U,M,2/17/1963 0:00,Huang,Jensen,CEO & President,04-04-2023 05:01,California,West,1963,2,17,117.24,7.5,"$21,427,700,000,000 ",88.2,101.8,78.5,9.6,36.6,328239523,37.09024,-95.712891
77,21000,Fashion & Retail,Leonard Lauder,90,United States,New York,Estee Lauder,Fashion & Retail,United States,The Estée Lauder Companies,FALSE,D,M,3/19/1933 0:00,Lauder,Leonard,Chairman Emeritus,04-04-2023 05:01,New York,Northeast,1933,3,19,117.24,7.5,"$21,427,700,000,000 ",88.2,101.8,78.5,9.6,36.6,328239523,37.09024,-95.712891
79,20900,Metals & Mining,Alexey Mordashov & family,57,Russia,Moscow,"Steel, investments",Metals & Mining,Russia,,TRUE,U,M,9/26/1965 0:00,Mordashov,Alexey,,04-04-2023 05:01,,,1965,9,26,180.75,4.5,"$1,699,876,578,871 ",81.9,102.6,72.7,11.4,46.2,144373535,61.52401,105.318756
80,20500,Energy,Vagit Alekperov,72,Russia,Moscow,Oil,Energy,Russia,,TRUE,U,M,9/1/1950 0:00,Alekperov,Vagit,,04-04-2023 05:01,,,1950,9,1,180.75,4.5,"$1,699,876,578,871 ",81.9,102.6,72.7,11.4,46.2,144373535,61.52401,105.318756
81,20200,Healthcare,"Thomas Frist, Jr. & family",84,United States,Nashville,Hospitals,Healthcare,United States,,TRUE,D,M,8/12/1938 0:00,Frist,Thomas,,04-04-2023 05:01,Tennessee,South,1938,8,12,117.24,7.5,"$21,427,700,000,000 ",88.2,101.8,78.5,9.6,36.6,328239523,37.09024,-95.712891
82,19600,Metals & Mining,Andrew Forrest,61,Australia,Perth,Mining,Metals & Mining,Australia,,TRUE,U,M,11/18/1961 0:00,Forrest,Andrew,,04-04-2023 05:01,,,1961,11,18,119.8,1.6,"$1,392,680,589,329 ",113.1,100.3,82.7,23,47.4,25766605,-25.274398,133.775136
83,19100,Finance & Investments,Ray Dalio,73,United States,Greenwich,Hedge funds,Finance & Investments,United States,Bridgewater Associates,TRUE,D,M,8/8/1949 0:00,Dalio,Ray,Founder & Co-Chief Investment Officer,04-04-2023 05:01,Connecticut,Northeast,1949,8,8,117.24,7.5,"$21,427,700,000,000 ",88.2,101.8,78.5,9.6,36.6,328239523,37.09024,-95.712891
84,19000,Automotive,Eric Li,59,China,Hangzhou,Automobiles,Automotive,China,,TRUE,D,M,6/1/1963 0:00,Li,Eric,,04-04-2023 05:01,,,1963,6,1,125.08,2.9,"$19,910,000,000,000 ",50.6,100.2,77,9.4,59.2,1397715000,35.86166,104.195397
86,18900,Diversified,Eyal Ofer,72,Monaco,Monte Carlo,"Real estate, shipping",Diversified,Israel,,FALSE,U,M,6/2/1950 0:00,Ofer,Eyal,,04-04-2023 05:01,,,1950,6,2,,,"$7,184,844,193 ",,,,,,38964,43.7384176,7.4246158
88,18700,Automotive,Wang Chuanfu,57,China,Shenzhen,"Batteries, automobiles",Automotive,China,,TRUE,D,M,2/15/1966 0:00,Wang,Chuanfu,,04-04-2023 05:01,,,1966,2,15,125.08,2.9,"$19,910,000,000,000 ",50.6,100.2,77,9.4,59.2,1397715000,35.86166,104.195397
89,18500,Energy,Harold Hamm & family,77,United States,Oklahoma City,Oil & gas,Energy,United States,Continental Resources Inc. ,TRUE,U,M,12/11/1945 0:00,Hamm,Harold,Chairman and CEO,04-04-2023 05:01,Oklahoma,South,1945,12,11,117.24,7.5,"$21,427,700,000,000 ",88.2,101.8,78.5,9.6,36.6,328239523,37.09024,-95.712891
92,18000,Finance & Investments,Daniel Gilbert,61,United States,Franklin,Quicken Loans,Finance & Investments,United States,,TRUE,D,M,1/17/1962 0:00,Gilbert,Daniel,,04-04-2023 05:01,Michigan,Midwest,1962,1,17,117.24,7.5,"$21,427,700,000,000 ",88.2,101.8,78.5,9.6,36.6,328239523,37.09024,-95.712891
93,17700,Metals & Mining,Lakshmi Mittal,72,United Kingdom,London,Steel,Metals & Mining,India,ArcelorMittal (ADR),FALSE,D,M,6/15/1950 0:00,Mittal,Lakshmi,Chairman and CEO,04-04-2023 05:01,,,1950,6,15,119.62,1.7,"$2,827,113,184,696 ",60,101.2,81.3,25.5,30.6,66834405,55.378051,-3.435973
94,17500,Finance & Investments,Steve Cohen,66,United States,Greenwich,Hedge funds,Finance & Investments,United States,Point72 Asset Management,TRUE,U,M,6/11/1956 0:00,Cohen,Steve,Founder,04-04-2023 05:01,Connecticut,Northeast,1956,6,11,117.24,7.5,"$21,427,700,000,000 ",88.2,101.8,78.5,9.6,36.6,328239523,37.09024,-95.712891
97,17400,Real Estate,Donald Bren,90,United States,Newport Beach,Real estate,Real Estate,United States,Irvine Company,TRUE,U,M,5/11/1932 0:00,Bren,Donald,Chairman,04-04-2023 05:01,California,West,1932,5,11,117.24,7.5,"$21,427,700,000,000 ",88.2,101.8,78.5,9.6,36.6,328239523,37.09024,-95.712891
99,17100,Media & Entertainment,Rupert Murdoch & family,92,United States,New York,"Newspapers, TV network",Media & Entertainment,United States,News Corp Class A,FALSE,D,M,3/11/1931 0:00,Murdoch,Rupert,Chairman and CEO,04-04-2023 05:01,New York,Northeast,1931,3,11,117.24,7.5,"$21,427,700,000,000 ",88.2,101.8,78.5,9.6,36.6,328239523,37.09024,-95.712891
100,16700,Finance & Investments,Vicky Safra & family,70,Switzerland,Crans-Montana,Banking,Finance & Investments,Brazil,,FALSE,U,F,1/1/1953 0:00,Safra,Vicky,,04-04-2023 05:01,,,1953,1,1,99.55,0.4,"$703,082,435,360 ",59.6,105.2,83.6,10.1,28.8,8574832,46.818188,8.227512
101,16500,Fashion & Retail,"Theo Albrecht, Jr. & family",72,Germany,Mulheim an der Ruhr,"Aldi, Trader Joe's",Fashion & Retail,Germany,,FALSE,D,M,1/1/1951 0:00,Albrecht,Theo,,04-04-2023 05:01,,,1951,1,1,112.85,1.4,"$3,845,630,030,824 ",70.2,104,80.9,11.5,48.8,83132799,51.165691,10.451526
103,16300,Healthcare,Li Xiting,72,China,Shenzhen,medical devices,Healthcare,Singapore,,TRUE,D,M,1/1/1951 0:00,Li,Xiting,,04-04-2023 05:01,,,1951,1,1,125.08,2.9,"$19,910,000,000,000 ",50.6,100.2,77,9.4,59.2,1397715000,35.86166,104.195397
104,16200,Fashion & Retail,Stefan Persson,75,Sweden,Stockholm,H&M,Fashion & Retail,Sweden,Hennes & Mauritz Unsponsored ADR,FALSE,D,M,10/4/1947 0:00,Persson,Stefan,Chairman,04-04-2023 05:01,,,1947,10,4,110.51,1.8,"$530,832,908,738 ",67,126.6,82.5,27.9,49.1,10285453,60.128161,18.643501
106,16000,Finance & Investments,Michael Platt,55,Switzerland,Geneva,Hedge funds,Finance & Investments,United Kingdom,BlueCrest Capital Management,TRUE,U,M,3/18/1968 0:00,Platt,Michael,Founder ,04-04-2023 05:01,,,1968,3,18,99.55,0.4,"$703,082,435,360 ",59.6,105.2,83.6,10.1,28.8,8574832,46.818188,8.227512
107,15900,Food & Beverage,Pang Kang,67,China,Foshan,Soy sauce,Food & Beverage,China,,TRUE,D,M,1/19/1956 0:00,Pang,Kang,,04-04-2023 05:01,,,1956,1,19,125.08,2.9,"$19,910,000,000,000 ",50.6,100.2,77,9.4,59.2,1397715000,35.86166,104.195397
108,15800,Fashion & Retail,Karl Albrecht Jr. & family,,Germany,,Supermarkets,Fashion & Retail,Germany,,FALSE,Split Family Fortune,M,,Albrecht Jr.,Karl,,04-04-2023 05:01,,,,,,112.85,1.4,"$3,845,630,030,824 ",70.2,104,80.9,11.5,48.8,83132799,51.165691,10.451526
112,15600,Healthcare,Dilip Shanghvi,67,India,Mumbai,Pharmaceuticals,Healthcare,India,,TRUE,E,M,10/1/1955 0:00,Shanghvi,Dilip,,04-04-2023 05:01,,,1955,10,1,180.44,7.7,"$2,611,000,000,000 ",28.1,113,69.4,11.2,49.7,1366417754,20.593684,78.96288
113,15500,Technology,Robert Pera,45,United States,San Jose,Wireless networking,Technology,United States,Ubiquiti,TRUE,U,M,3/10/1978 0:00,Pera,Robert,Chief Executive Officer,04-04-2023 05:01,California,West,1978,3,10,117.24,7.5,"$21,427,700,000,000 ",88.2,101.8,78.5,9.6,36.6,328239523,37.09024,-95.712891
114,15300,Fashion & Retail,Radhakishan Damani,68,India,Mumbai,"Retail, investments",Fashion & Retail,India,,TRUE,D,M,1/1/1955 0:00,Damani,Radhakishan,,04-04-2023 05:01,,,1955,1,1,180.44,7.7,"$2,611,000,000,000 ",28.1,113,69.4,11.2,49.7,1366417754,20.593684,78.96288
115,15200,Automotive,Huang Shilin,56,China,Ningde,Batteries,Automotive,China,,TRUE,D,M,1/1/1967 0:00,Huang,Shilin,,04-04-2023 05:01,,,1967,1,1,125.08,2.9,"$19,910,000,000,000 ",50.6,100.2,77,9.4,59.2,1397715000,35.86166,104.195397
116,14900,Diversified,Dhanin Chearavanont,83,Thailand,Bangkok,Diversified,Diversified,Thailand,,FALSE,U,M,4/19/1939 0:00,Chearavanont,Dhanin,,04-04-2023 05:01,,,1939,4,19,113.27,0.7,"$543,649,976,166 ",49.3,99.8,76.9,14.9,29.5,69625582,15.870032,100.992541
118,14800,Food & Beverage,Charoen Sirivadhanabhakdi,78,Thailand,Bangkok,"Alcohol, real estate",Food & Beverage,Thailand,,TRUE,U,M,5/2/1944 0:00,Sirivadhanabhakdi,Charoen,,04-04-2023 05:01,,,1944,5,2,113.27,0.7,"$543,649,976,166 ",49.3,99.8,76.9,14.9,29.5,69625582,15.870032,100.992541
119,14700,Food & Beverage,Charlene de Carvalho-Heineken & family,68,United Kingdom,London,Heineken,Food & Beverage,Netherlands,,FALSE,D,F,6/30/1954 0:00,de Carvalho-Heineken,Charlene,,04-04-2023 05:01,,,1954,6,30,119.62,1.7,"$2,827,113,184,696 ",60,101.2,81.3,25.5,30.6,66834405,55.378051,-3.435973
120,14600,Healthcare,Xu Hang,60,China,Shenzhen,Medical devices,Healthcare,Hong Kong,,TRUE,D,M,5/22/1962 0:00,Xu,Hang,,04-04-2023 05:01,,,1962,5,22,125.08,2.9,"$19,910,000,000,000 ",50.6,100.2,77,9.4,59.2,1397715000,35.86166,104.195397
121,14500,Automotive,Wei Jianjun & family,59,China,Baoding,Automobiles,Automotive,China,,TRUE,D,M,3/1/1964 0:00,Wei,Jianjun,,04-04-2023 05:01,,,1964,3,1,125.08,2.9,"$19,910,000,000,000 ",50.6,100.2,77,9.4,59.2,1397715000,35.86166,104.195397
122,14400,Metals & Mining,Alisher Usmanov,69,Uzbekistan,Tashkent,"Steel, telecom, investments",Metals & Mining,Russia,Metalloinvest,TRUE,U,M,9/9/1953 0:00,Usmanov,Alisher,Founder,04-04-2023 05:01,,,1953,9,9,,,"$57,921,286,440 ",10.1,104.2,71.6,14.8,31.6,33580650,41.377491,64.585262
123,14300,Manufacturing,Goh Cheng Liang,95,Singapore,Singapore,Paints,Manufacturing,Singapore,,TRUE,U,M,6/27/1927 0:00,Goh,Cheng Liang,,04-04-2023 05:01,,,1927,6,27,114.41,0.6,"$372,062,527,489 ",84.8,100.6,83.1,13.1,21,5703569,1.352083,103.819836
124,14200,Diversified,Kumar Birla,55,India,Mumbai,Commodities,Diversified,India,,FALSE,D,M,6/14/1967 0:00,Birla,Kumar,,04-04-2023 05:01,,,1967,6,14,180.44,7.7,"$2,611,000,000,000 ",28.1,113,69.4,11.2,49.7,1366417754,20.593684,78.96288
126,14100,Real Estate,Kwong Siu-hing,93,Hong Kong,Hong Kong,Real estate,Real Estate,Hong Kong,,FALSE,U,F,12/2/1929 0:00,Kwong,Siu-hing,,04-04-2023 05:01,,,1929,12,2,,,,,,,,,,,
127,14000,Diversified,Idan Ofer,67,United Kingdom,London,Shipping,Diversified,Israel,,FALSE,U,M,10/2/1955 0:00,Ofer,Idan,,04-04-2023 05:01,,,1955,10,2,119.62,1.7,"$2,827,113,184,696 ",60,101.2,81.3,25.5,30.6,66834405,55.378051,-3.435973
128,13900,Healthcare,Chen Bang,57,China,Changsha,Hospitals,Healthcare,China,,TRUE,U,M,9/1/1965 0:00,Chen,Bang,,04-04-2023 05:01,,,1965,9,1,125.08,2.9,"$19,910,000,000,000 ",50.6,100.2,77,9.4,59.2,1397715000,35.86166,104.195397
130,13700,Logistics,John Fredriksen,78,United Kingdom,London,Shipping,Logistics,Cyprus,,TRUE,U,M,2/1/1945 0:00,Fredriksen,John,Investor,04-04-2023 05:01,,,1945,2,1,119.62,1.7,"$2,827,113,184,696 ",60,101.2,81.3,25.5,30.6,66834405,55.378051,-3.435973
133,13300,Sports,Jerry Jones,80,United States,Dallas,Dallas Cowboys,Sports,United States,Dallas Cowboys,TRUE,U,M,10/13/1942 0:00,Jones,Jerry,President and General Manager,04-04-2023 05:01,Texas,South,1942,10,13,117.24,7.5,"$21,427,700,000,000 ",88.2,101.8,78.5,9.6,36.6,328239523,37.09024,-95.712891
136,13200,Automotive,Lu Xiangyang,60,China,Guangzhou,"Automobiles, batteries",Automotive,China,,TRUE,D,M,12/28/1962 0:00,Lu,Xiangyang,,04-04-2023 05:01,,,1962,12,28,125.08,2.9,"$19,910,000,000,000 ",50.6,100.2,77,9.4,59.2,1397715000,35.86166,104.195397
137,13100,Real Estate,Harry Triguboff,90,Australia,Sydney,Real estate,Real Estate,Australia,,TRUE,U,M,3/3/1933 0:00,Triguboff,Harry,,04-04-2023 05:01,,,1933,3,3,119.8,1.6,"$1,392,680,589,329 ",113.1,100.3,82.7,23,47.4,25766605,-25.274398,133.775136
138,12900,Finance & Investments,Uday Kotak,64,India,Mumbai,Banking,Finance & Investments,India,,TRUE,D,M,3/15/1959 0:00,Kotak,Uday,,04-04-2023 05:01,,,1959,3,15,180.44,7.7,"$2,611,000,000,000 ",28.1,113,69.4,11.2,49.7,1366417754,20.593684,78.96288
140,12600,Energy,Mikhail Fridman,58,United Kingdom,London,"Oil, banking, telecom",Energy,Russia,,TRUE,U,M,4/21/1964 0:00,Fridman,Mikhail,,04-04-2023 05:01,,,1964,4,21,119.62,1.7,"$2,827,113,184,696 ",60,101.2,81.3,25.5,30.6,66834405,55.378051,-3.435973
141,12300,Energy,Sarath Ratanavadi,57,Thailand,Bangkok,Energy,Energy,Thailand,,TRUE,U,M,7/12/1965 0:00,Ratanavadi,Sarath,,04-04-2023 05:01,,,1965,7,12,113.27,0.7,"$543,649,976,166 ",49.3,99.8,76.9,14.9,29.5,69625582,15.870032,100.992541
142,12200,Metals & Mining,Dang Yanbao,50,China,Yinchuan,Coal,Metals & Mining,China,,TRUE,D,M,2/1/1973 0:00,Dang,Yanbao,,04-04-2023 05:01,,,1973,2,1,125.08,2.9,"$19,910,000,000,000 ",50.6,100.2,77,9.4,59.2,1397715000,35.86166,104.195397
144,12100,Automotive,Shahid Khan,72,United States,Naples,Auto parts,Automotive,United States,,TRUE,U,M,7/18/1950 0:00,Khan,Shahid,,04-04-2023 05:01,Florida,South,1950,7,18,117.24,7.5,"$21,427,700,000,000 ",88.2,101.8,78.5,9.6,36.6,328239523,37.09024,-95.712891
145,12000,Technology,Laurene Powell Jobs & family,59,United States,Palo Alto,"Apple, Disney",Technology,United States,Emerson Collective,FALSE,D,F,11/6/1963 0:00,Powell Jobs,Laurene,"Investor, Philanthropist",04-04-2023 05:01,California,West,1963,11,6,117.24,7.5,"$21,427,700,000,000 ",88.2,101.8,78.5,9.6,36.6,328239523,37.09024,-95.712891
146,11800,Diversified,Robert Kuok,99,Hong Kong,Hong Kong,"Palm oil, shipping, property",Diversified,Malaysia,,TRUE,U,M,10/6/1923 0:00,Kuok,Robert,,04-04-2023 05:01,,,1923,10,6,,,,,,,,,,,
147,11600,Real Estate,Stephen Ross,82,United States,New York,Real estate,Real Estate,United States,,TRUE,U,M,5/10/1940 0:00,Ross,Stephen,,04-04-2023 05:01,New York,Northeast,1940,5,10,117.24,7.5,"$21,427,700,000,000 ",88.2,101.8,78.5,9.6,36.6,328239523,37.09024,-95.712891
148,11500,Technology,Pavel Durov,38,United Arab Emirates,Dubai,Messaging app,Technology,United Arab Emirates,,TRUE,D,M,10/10/1984 0:00,Durov,Pavel,,04-04-2023 05:01,,,1984,10,10,114.52,-1.9,"$421,142,267,938 ",36.8,108.4,77.8,0.1,15.9,9770529,23.424076,53.847818
151,11400,Food & Beverage,Liu Hanyuan,59,China,Chengdu,Agribusiness,Food & Beverage,China,,TRUE,D,M,1/1/1964 0:00,Liu,Hanyuan,,04-04-2023 05:01,,,1964,1,1,125.08,2.9,"$19,910,000,000,000 ",50.6,100.2,77,9.4,59.2,1397715000,35.86166,104.195397
153,11300,Finance & Investments,Israel Englander,74,United States,New York,Hedge funds,Finance & Investments,United States,"Millennium Management, L.L.C.",TRUE,D,M,9/30/1948 0:00,Englander,Israel,Founder,04-04-2023 05:01,New York,Northeast,1948,9,30,117.24,7.5,"$21,427,700,000,000 ",88.2,101.8,78.5,9.6,36.6,328239523,37.09024,-95.712891
157,11100,Fashion & Retail,Giorgio Armani,88,Italy,Milan,Luxury goods,Fashion & Retail,Italy,,TRUE,U,M,7/11/1934 0:00,Armani,Giorgio,,04-04-2023 05:01,,,1934,7,11,110.62,0.6,"$2,001,244,392,042 ",61.9,101.9,82.9,24.3,59.1,60297396,41.87194,12.56738
159,11000,Finance & Investments,Gong Hongjia & family,58,Hong Kong,Hong Kong,Video surveillance,Finance & Investments,Hong Kong,,TRUE,D,M,1/1/1965 0:00,Gong,Hongjia,,04-04-2023 05:01,,,1965,1,1,,,,,,,,,,,
161,10900,Finance & Investments,Philip Anschutz,83,United States,Denver,"Energy, sports, entertainment",Finance & Investments,United States,,FALSE,E,M,12/28/1939 0:00,Anschutz,Philip,,04-04-2023 05:01,Colorado,West,1939,12,28,117.24,7.5,"$21,427,700,000,000 ",88.2,101.8,78.5,9.6,36.6,328239523,37.09024,-95.712891
164,10700,Media & Entertainment,Donald Newhouse,93,United States,New York,Media,Media & Entertainment,United States,,FALSE,D,M,8/5/1929 0:00,Newhouse,Donald,,04-04-2023 05:01,New York,Northeast,1929,8,5,117.24,7.5,"$21,427,700,000,000 ",88.2,101.8,78.5,9.6,36.6,328239523,37.09024,-95.712891
165,10600,Sports,Robert Kraft,81,United States,Brookline,"Manufacturing, New England Patriots",Sports,United States,The Kraft Group,TRUE,U,M,6/5/1941 0:00,Kraft,Robert,Chairman & CEO,04-04-2023 05:01,Massachusetts,Northeast,1941,6,5,117.24,7.5,"$21,427,700,000,000 ",88.2,101.8,78.5,9.6,36.6,328239523,37.09024,-95.712891
167,10500,Finance & Investments,Suleiman Kerimov & family,57,Russia,Moscow,Gold,Finance & Investments,Russia,,TRUE,U,M,3/12/1966 0:00,Kerimov & family,Suleiman,,04-04-2023 05:01,,,1966,3,12,180.75,4.5,"$1,699,876,578,871 ",81.9,102.6,72.7,11.4,46.2,144373535,61.52401,105.318756
170,10300,Finance & Investments,Andrew Beal,70,United States,Dallas,"Banks, real estate",Finance & Investments,United States,,TRUE,U,M,11/29/1952 0:00,Beal,Andrew,,04-04-2023 05:01,Texas,South,1952,11,29,117.24,7.5,"$21,427,700,000,000 ",88.2,101.8,78.5,9.6,36.6,328239523,37.09024,-95.712891
171,10200,Technology,Mike Cannon-Brookes,43,Australia,Sydney,Software,Technology,Australia,,TRUE,D,M,11/17/1979 0:00,Cannon-Brookes,Mike,,04-04-2023 05:01,,,1979,11,17,119.8,1.6,"$1,392,680,589,329 ",113.1,100.3,82.7,23,47.4,25766605,-25.274398,133.775136
179,10100,Technology,Scott Farquhar,43,Australia,Sydney,Software,Technology,Australia,,TRUE,D,M,12/17/1979 0:00,Farquhar,Scott,,04-04-2023 05:01,,,1979,12,17,119.8,1.6,"$1,392,680,589,329 ",113.1,100.3,82.7,23,47.4,25766605,-25.274398,133.775136
182,10000,Energy,Autry Stephens,85,United States,Midland,Oil,Energy,United States,,TRUE,U,M,3/8/1938 0:00,Stephens,Autry,,04-04-2023 05:01,Texas,South,1938,3,8,117.24,7.5,"$21,427,700,000,000 ",88.2,101.8,78.5,9.6,36.6,328239523,37.09024,-95.712891
183,9900,Service,Liu Yongxing,74,China,Shanghai,Diversified,Service,China,East Hope Group,TRUE,D,M,6/1/1948 0:00,Liu,Yongxing,Chairman,04-04-2023 05:01,,,1948,6,1,125.08,2.9,"$19,910,000,000,000 ",50.6,100.2,77,9.4,59.2,1397715000,35.86166,104.195397
184,9800,Diversified,Vinod Adani,74,United Arab Emirates,Dubai,"Infrastructure, commodities",Diversified,Cyprus,,TRUE,Split Family Fortune,M,1/10/1949 0:00,Adani,Vinod,,04-04-2023 05:01,,,1949,1,10,114.52,-1.9,"$421,142,267,938 ",36.8,108.4,77.8,0.1,15.9,9770529,23.424076,53.847818
190,9700,Manufacturing,Andrei Guriev & family,63,Russia,Moscow,Fertilizers,Manufacturing,Russia,,TRUE,U,M,3/24/1960 0:00,Guriev & family,Andrei,,04-04-2023 05:01,,,1960,3,24,180.75,4.5,"$1,699,876,578,871 ",81.9,102.6,72.7,11.4,46.2,144373535,61.52401,105.318756
195,9600,Technology,Rick Cohen & family,70,United States,Keene,Warehouse automation,Technology,United States,C&S Wholesale Grocers,FALSE,N,M,7/25/1952 0:00,Cohen,Rick,Entrepreneur,04-04-2023 05:01,New Hampshire,Northeast,1952,7,25,117.24,7.5,"$21,427,700,000,000 ",88.2,101.8,78.5,9.6,36.6,328239523,37.09024,-95.712891
202,9500,Finance & Investments,Vincent Bolloré & family,71,France,Paris,Investments,Finance & Investments,France,,FALSE,U,M,4/1/1952 0:00,Bolloré,Vincent,,04-04-2023 05:01,,,1952,4,1,110.05,1.1,"$2,715,518,274,227 ",65.6,102.5,82.5,24.2,60.7,67059887,46.227638,2.213749
204,9400,Healthcare,Ernesto Bertarelli,57,Switzerland,Gstaad,"Biotech, investments",Healthcare,Switzerland,,FALSE,U,M,9/22/1965 0:00,Bertarelli,Ernesto,,04-04-2023 05:01,,,1965,9,22,99.55,0.4,"$703,082,435,360 ",59.6,105.2,83.6,10.1,28.8,8574832,46.818188,8.227512
206,9300,Technology,Brian Chesky,41,United States,San Francisco,Airbnb,Technology,United States,"Airbnb, Inc.",TRUE,D,M,8/29/1981 0:00,Chesky,Brian,CEO and Cofounder,04-04-2023 05:01,California,West,1981,8,29,117.24,7.5,"$21,427,700,000,000 ",88.2,101.8,78.5,9.6,36.6,328239523,37.09024,-95.712891
208,9200,Diversified,Roman Abramovich & family,56,Russia,Moscow,"Steel, investments",Diversified,Russia,,TRUE,U,M,10/24/1966 0:00,Abramovich,Roman,,04-04-2023 05:01,,,1966,10,24,180.75,4.5,"$1,699,876,578,871 ",81.9,102.6,72.7,11.4,46.2,144373535,61.52401,105.318756
215,9000,Technology,David Cheriton,72,United States,Palo Alto,Google,Technology,Canada,Stanford University,TRUE,D,M,3/29/1951 0:00,Cheriton,David,Professor,04-04-2023 05:01,California,West,1951,3,29,117.24,7.5,"$21,427,700,000,000 ",88.2,101.8,78.5,9.6,36.6,328239523,37.09024,-95.712891
220,8900,Food & Beverage,Finn Rausing,68,United Kingdom,London,Packaging,Food & Beverage,Sweden,,FALSE,D,M,1/1/1955 0:00,Rausing,Finn,,04-04-2023 05:01,,,1955,1,1,119.62,1.7,"$2,827,113,184,696 ",60,101.2,81.3,25.5,30.6,66834405,55.378051,-3.435973
223,8800,Fashion & Retail,Tatyana Bakalchuk,47,Russia,Moscow region,Ecommerce,Fashion & Retail,Russia,,TRUE,U,F,10/16/1975 0:00,Bakalchuk,Tatyana,,04-04-2023 05:01,,,1975,10,16,180.75,4.5,"$1,699,876,578,871 ",81.9,102.6,72.7,11.4,46.2,144373535,61.52401,105.318756
230,8700,Manufacturing,Chen Jianhua,52,China,Wujiang,Chemicals,Manufacturing,China,,TRUE,U,M,1/1/1971 0:00,Chen,Jianhua,,04-04-2023 05:01,,,1971,1,1,125.08,2.9,"$19,910,000,000,000 ",50.6,100.2,77,9.4,59.2,1397715000,35.86166,104.195397
232,8600,Finance & Investments,Leon Black,71,United States,New York,Private equity,Finance & Investments,United States,,TRUE,D,M,7/31/1951 0:00,Black,Leon,,04-04-2023 05:01,New York,Northeast,1951,7,31,117.24,7.5,"$21,427,700,000,000 ",88.2,101.8,78.5,9.6,36.6,328239523,37.09024,-95.712891
239,8500,Finance & Investments,"Chase Coleman, III.",47,United States,New York,Investments,Finance & Investments,United States,Tiger Global Management,TRUE,D,M,6/21/1975 0:00,Coleman,Chase,Investor,04-04-2023 05:01,New York,Northeast,1975,6,21,117.24,7.5,"$21,427,700,000,000 ",88.2,101.8,78.5,9.6,36.6,328239523,37.09024,-95.712891
242,8400,Media & Entertainment,Jim Kennedy,75,United States,Atlanta,"Media, automotive",Media & Entertainment,United States,Cox Enterprises,FALSE,U,M,11/29/1947 0:00,Kennedy,Jim,Chairman Emeritus,04-04-2023 05:01,Georgia,South,1947,11,29,117.24,7.5,"$21,427,700,000,000 ",88.2,101.8,78.5,9.6,36.6,328239523,37.09024,-95.712891
246,8300,Fashion & Retail,John Morris,75,United States,Springfield,Sporting goods retail,Fashion & Retail,United States,,TRUE,U,M,3/19/1948 0:00,Morris,John,,04-04-2023 05:01,Missouri,Midwest,1948,3,19,117.24,7.5,"$21,427,700,000,000 ",88.2,101.8,78.5,9.6,36.6,328239523,37.09024,-95.712891
249,8200,Real Estate,Francis Choi,75,Hong Kong,Hong Kong,Real estate,Real Estate,Hong Kong,,TRUE,U,M,9/18/1947 0:00,Choi,Francis,,04-04-2023 05:01,,,1947,9,18,,,,,,,,,,,
256,8100,Diversified,Laurent Dassault,69,France,Paris,Diversified,Diversified,France,,FALSE,D,M,7/7/1953 0:00,Dassault,Laurent,,04-04-2023 05:01,,,1953,7,7,110.05,1.1,"$2,715,518,274,227 ",65.6,102.5,82.5,24.2,60.7,67059887,46.227638,2.213749
261,8000,Technology,Nathan Blecharczyk,39,United States,San Francisco,Airbnb,Technology,United States,,TRUE,D,M,6/11/1983 0:00,Blecharczyk,Nathan,,04-04-2023 05:01,California,West,1983,6,11,117.24,7.5,"$21,427,700,000,000 ",88.2,101.8,78.5,9.6,36.6,328239523,37.09024,-95.712891
268,7900,Finance & Investments,Orlando Bravo,52,United States,Miami Beach,Private equity,Finance & Investments,United States,,TRUE,U,M,9/23/1970 0:00,Bravo,Orlando,,04-04-2023 05:01,Florida,South,1970,9,23,117.24,7.5,"$21,427,700,000,000 ",88.2,101.8,78.5,9.6,36.6,328239523,37.09024,-95.712891
276,7800,Telecom,Rocco Commisso,73,United States,Saddle River,Telecom,Telecom,United States,,TRUE,U,M,11/25/1949 0:00,Commisso,Rocco,,04-04-2023 05:01,New Jersey,Northeast,1949,11,25,117.24,7.5,"$21,427,700,000,000 ",88.2,101.8,78.5,9.6,36.6,328239523,37.09024,-95.712891
282,7700,Food & Beverage,Jean-Michel Besnier,55,France,Laval,Cheese,Food & Beverage,France,,FALSE,D,M,6/5/1967 0:00,Besnier,Jean-Michel,,04-04-2023 05:01,,,1967,6,5,110.05,1.1,"$2,715,518,274,227 ",65.6,102.5,82.5,24.2,60.7,67059887,46.227638,2.213749
290,7600,Energy,Cao Renxian,54,China,Hefei,Photovoltaic equipment,Energy,China,,TRUE,D,M,7/24/1968 0:00,Cao,Renxian,,04-04-2023 05:01,,,1968,7,24,125.08,2.9,"$19,910,000,000,000 ",50.6,100.2,77,9.4,59.2,1397715000,35.86166,104.195397
299,7500,Sports,Arthur Blank,80,United States,Atlanta,Home Depot,Sports,United States,Atlanta Falcons,TRUE,U,M,9/27/1942 0:00,Blank,Arthur,Chairman,04-04-2023 05:01,Georgia,South,1942,9,27,117.24,7.5,"$21,427,700,000,000 ",88.2,101.8,78.5,9.6,36.6,328239523,37.09024,-95.712891
305,7400,Technology,James Goodnight,80,United States,Cary,Software,Technology,United States,SAS Institute,TRUE,U,M,1/6/1943 4:00,Goodnight,James,CEO,04-04-2023 09:01,North Carolina,South,1943,1,6,117.24,7.5,"$21,427,700,000,000 ",88.2,101.8,78.5,9.6,36.6,328239523,37.09024,-95.712891
312,7300,Manufacturing,Benu Gopal Bangur,91,India,Kolkata,Cement,Manufacturing,India,,FALSE,U,M,6/1/1931 0:00,Bangur,Benu Gopal,,04-04-2023 05:01,,,1931,6,1,180.44,7.7,"$2,611,000,000,000 ",28.1,113,69.4,11.2,49.7,1366417754,20.593684,78.96288
317,7200,Finance & Investments,Arthur Dantchik,65,United States,Gladwyne,"Trading, investments",Finance & Investments,United States,,TRUE,N,M,11/25/1957 0:00,Dantchik,Arthur,,04-04-2023 05:01,Pennsylvania,Northeast,1957,11,25,117.24,7.5,"$21,427,700,000,000 ",88.2,101.8,78.5,9.6,36.6,328239523,37.09024,-95.712891
325,7100,Technology,Judy Faulkner,79,United States,Madison,Healthcare software,Technology,United States,Epic Systems,TRUE,U,F,8/1/1943 0:00,Faulkner,Judy,Founder and CEO,04-04-2023 05:01,Wisconsin,Midwest,1943,8,1,117.24,7.5,"$21,427,700,000,000 ",88.2,101.8,78.5,9.6,36.6,328239523,37.09024,-95.712891
332,7000,Technology,Marc Benioff,58,United States,San Francisco,Business software,Technology,United States,Salesforce.com,TRUE,D,M,9/25/1964 0:00,Benioff,Marc,Chairman and CEO,04-04-2023 05:01,California,West,1964,9,25,117.24,7.5,"$21,427,700,000,000 ",88.2,101.8,78.5,9.6,36.6,328239523,37.09024,-95.712891
344,6900,Diversified,Alejandro Bailleres Gual & family,62,Mexico,,Diversified,Diversified,Mexico,,FALSE,U,M,1/1/1961 0:00,Bailleres Gual,Alejandro,,04-04-2023 05:01,,,1961,1,1,141.54,3.6,"$1,258,286,717,125 ",40.2,105.8,75,13.1,55.1,126014024,23.634501,-102.552784
352,6800,Energy,Dannine Avara,59,United States,Houston,Pipelines,Energy,United States,,FALSE,U,F,3/9/1964 0:00,Avara,Dannine,,04-04-2023 05:01,Texas,South,1964,3,9,117.24,7.5,"$21,427,700,000,000 ",88.2,101.8,78.5,9.6,36.6,328239523,37.09024,-95.712891
365,6700,Finance & Investments,Ken Fisher,72,United States,Dallas,Money management,Finance & Investments,United States,,TRUE,U,M,11/29/1950 0:00,Fisher,Ken,,04-04-2023 05:01,Texas,South,1950,11,29,117.24,7.5,"$21,427,700,000,000 ",88.2,101.8,78.5,9.6,36.6,328239523,37.09024,-95.712891
383,6600,Manufacturing,Rahel Blocher,47,Switzerland,Wilen bei Wollerau,Chemicals,Manufacturing,Switzerland,,FALSE,D,F,1/1/1976 0:00,Blocher,Rahel,,04-04-2023 05:01,,,1976,1,1,99.55,0.4,"$703,082,435,360 ",59.6,105.2,83.6,10.1,28.8,8574832,46.818188,8.227512
390,6500,Finance & Investments,David Bonderman,80,United States,Fort Worth,Private equity,Finance & Investments,United States,,TRUE,U,M,11/27/1942 0:00,Bonderman,David,,04-04-2023 05:01,Texas,South,1942,11,27,117.24,7.5,"$21,427,700,000,000 ",88.2,101.8,78.5,9.6,36.6,328239523,37.09024,-95.712891
397,6400,Finance & Investments,Carl Bennet,71,Sweden,Gothenberg,Investments,Finance & Investments,Sweden,,TRUE,D,M,8/19/1951 0:00,Bennet,Carl,,04-04-2023 05:01,,,1951,8,19,110.51,1.8,"$530,832,908,738 ",67,126.6,82.5,27.9,49.1,10285453,60.128161,18.643501
405,6300,Construction & Engineering,Anthony Bamford & family,77,United Kingdom,Gloucestershire,Construction equipment,Construction & Engineering,United Kingdom,,FALSE,U,M,10/23/1945 0:00,Bamford,Anthony,,04-04-2023 05:01,,,1945,10,23,119.62,1.7,"$2,827,113,184,696 ",60,101.2,81.3,25.5,30.6,66834405,55.378051,-3.435973
411,6200,Food & Beverage,Maria Asuncion Aramburuzabala & family,59,Mexico,Mexico City,"Beer, investments",Food & Beverage,Mexico,,FALSE,E,F,5/2/1963 0:00,Aramburuzabala,Maria Asuncion,,04-04-2023 05:01,,,1963,5,2,141.54,3.6,"$1,258,286,717,125 ",40.2,105.8,75,13.1,55.1,126014024,23.634501,-102.552784
418,6100,Diversified,Mike Adenuga,69,Nigeria,Lagos,"Telecom, oil",Diversified,Nigeria,,TRUE,D,M,4/29/1953 0:00,Adenuga,Mike,,04-04-2023 05:01,,,1953,4,29,267.51,11.4,"$448,120,428,859 ",10.2,84.7,54.3,1.5,34.8,200963599,9.081999,8.675277
425,6000,Metals & Mining,Alexander Abramov,64,Russia,Moscow,"Steel, mining",Metals & Mining,Russia,,TRUE,U,M,2/20/1959 0:00,Abramov,Alexander,,04-04-2023 05:01,,,1959,2,20,180.75,4.5,"$1,699,876,578,871 ",81.9,102.6,72.7,11.4,46.2,144373535,61.52401,105.318756
437,5900,Real Estate,Cai Kui,60,China,Chengdu,Real estate,Real Estate,China,,TRUE,D,M,1/1/1963 0:00,Cai,Kui,,04-04-2023 05:01,,,1963,1,1,125.08,2.9,"$19,910,000,000,000 ",50.6,100.2,77,9.4,59.2,1397715000,35.86166,104.195397
442,5800,Finance & Investments,Josh Harris,58,United States,Miami,Private equity,Finance & Investments,United States,,TRUE,E,M,12/29/1964 0:00,Harris,Josh,,04-04-2023 05:01,Florida,South,1964,12,29,117.24,7.5,"$21,427,700,000,000 ",88.2,101.8,78.5,9.6,36.6,328239523,37.09024,-95.712891
445,5700,Metals & Mining,Rinat Akhmetov,56,Ukraine,Donetsk,"Steel, coal",Metals & Mining,Ukraine,,TRUE,U,M,9/21/1966 0:00,Akhmetov,Rinat,,04-04-2023 05:01,,,1966,9,21,281.66,7.9,"$153,781,069,118 ",82.7,99,71.6,20.1,45.2,44385155,48.379433,31.16558
455,5600,Logistics,Maria Angelicoussis,41,Greece,,Shipping,Logistics,Greece,,FALSE,N,F,2/18/1982 0:00,Angelicoussis,Maria,,04-04-2023 05:01,,,1982,2,18,101.87,0.2,"$209,852,761,469 ",136.6,99.6,81.3,26.2,51.9,10716322,39.074208,21.824312
466,5500,Service,Micky Arison,73,United States,Bal Harbour,Carnival Cruises,Service,United States,Carnival Corp.,FALSE,D,M,6/29/1949 0:00,Arison,Micky,Chairman and CEO,04-04-2023 05:01,Florida,South,1949,6,29,117.24,7.5,"$21,427,700,000,000 ",88.2,101.8,78.5,9.6,36.6,328239523,37.09024,-95.712891
486,5400,Fashion & Retail,Patrizio Bertelli,77,Italy,Milan,Luxury goods,Fashion & Retail,Italy,,TRUE,U,M,1/1/1946 0:00,Bertelli,Patrizio,,04-04-2023 05:01,,,1946,1,1,110.62,0.6,"$2,001,244,392,042 ",61.9,101.9,82.9,24.3,59.1,60297396,41.87194,12.56738
497,5300,Finance & Investments,Todd Boehly,49,United States,Darien,Finance,Finance & Investments,United States,,TRUE,U,M,9/20/1973 0:00,Boehly,Todd,,04-04-2023 05:01,Connecticut,Northeast,1973,9,20,117.24,7.5,"$21,427,700,000,000 ",88.2,101.8,78.5,9.6,36.6,328239523,37.09024,-95.712891
511,5200,Finance & Investments,Alexandre Behring,56,United States,Greenwich,Investments,Finance & Investments,Brazil,,TRUE,U,M,2/20/1967 0:00,Behring,Alexandre,,04-04-2023 05:01,Connecticut,Northeast,1967,2,20,117.24,7.5,"$21,427,700,000,000 ",88.2,101.8,78.5,9.6,36.6,328239523,37.09024,-95.712891
523,5100,Manufacturing,Fang Wei,49,China,Beijing,Steel,Manufacturing,China,,TRUE,U,M,9/4/1973 0:00,Fang,Wei,,04-04-2023 05:01,,,1973,9,4,125.08,2.9,"$19,910,000,000,000 ",50.6,100.2,77,9.4,59.2,1397715000,35.86166,104.195397
534,5000,Finance & Investments,Ron Baron,79,United States,New York,Money management,Finance & Investments,United States,,TRUE,U,M,5/23/1943 0:00,Baron,Ron,,04-04-2023 05:01,New York,Northeast,1943,5,23,117.24,7.5,"$21,427,700,000,000 ",88.2,101.8,78.5,9.6,36.6,328239523,37.09024,-95.712891
552,4900,Manufacturing,Jim Davis & family,79,United States,Newton,New Balance,Manufacturing,United States,New Balance,TRUE,D,M,5/17/1943 0:00,Davis,Jim,Chairman,04-04-2023 05:01,Massachusetts,Northeast,1943,5,17,117.24,7.5,"$21,427,700,000,000 ",88.2,101.8,78.5,9.6,36.6,328239523,37.09024,-95.712891
567,4800,Fashion & Retail,Michael Ashley,58,United Kingdom,Hertfordshire,Sports retailing,Fashion & Retail,United Kingdom,,TRUE,U,M,9/12/1964 0:00,Ashley,Michael,,04-04-2023 05:01,,,1964,9,12,119.62,1.7,"$2,827,113,184,696 ",60,101.2,81.3,25.5,30.6,66834405,55.378051,-3.435973
580,4700,Diversified,Maria Fernanda Amorim & family,88,Portugal,Grijo,"Energy, investments",Diversified,Portugal,,FALSE,E,F,1/16/1935 0:00,Amorim,Maria Fernanda,,04-04-2023 05:01,,,1935,1,16,110.62,0.3,"$237,686,075,635 ",63.9,106.2,81.3,22.8,39.8,10269417,39.399872,-8.224454
591,4600,Food & Beverage,Bert Beveridge,61,United States,Austin,Vodka,Food & Beverage,United States,,TRUE,U,M,1/1/1962 0:00,Beveridge,Bert,,04-04-2023 05:01,Texas,South,1962,1,1,117.24,7.5,"$21,427,700,000,000 ",88.2,101.8,78.5,9.6,36.6,328239523,37.09024,-95.712891
611,4500,Food & Beverage,Juan Domingo Beckmann Legorreta & family,55,Mexico,,Tequila,Food & Beverage,Mexico,,FALSE,U,M,7/1/1967 0:00,Beckmann Legorreta,Juan Domingo,,04-04-2023 05:01,,,1967,7,1,141.54,3.6,"$1,258,286,717,125 ",40.2,105.8,75,13.1,55.1,126014024,23.634501,-102.552784
624,4400,Healthcare,Stéphane Bancel,50,United States,Boston,"Biotech, vaccines",Healthcare,France,,TRUE,D,M,7/20/1972 0:00,Bancel,Stéphane,,04-04-2023 05:01,Massachusetts,Northeast,1972,7,20,117.24,7.5,"$21,427,700,000,000 ",88.2,101.8,78.5,9.6,36.6,328239523,37.09024,-95.712891
636,4300,Telecom,Patrick Drahi,59,Switzerland,Zermatt,Telecom,Telecom,France,,TRUE,D,M,8/20/1963 0:00,Drahi,Patrick,,04-04-2023 05:01,,,1963,8,20,99.55,0.4,"$703,082,435,360 ",59.6,105.2,83.6,10.1,28.8,8574832,46.818188,8.227512
659,4200,Service,Shari Arison,65,Israel,Tel Aviv,Carnival Cruises,Service,Israel,,FALSE,D,F,9/9/1957 0:00,Arison,Shari,"Investor, Philanthropist",04-04-2023 05:01,,,1957,9,9,108.15,0.8,"$395,098,666,122 ",63.4,104.9,82.8,23.1,25.3,9053300,31.046051,34.851612
679,4100,Food & Beverage,Andrej Babis,68,Czech Republic,Prague,Agriculture,Food & Beverage,Czech Republic,,TRUE,D,M,9/2/1954 0:00,Babis,Andrej,,04-04-2023 05:01,,,1954,9,2,116.48,2.8,"$246,489,245,495 ",64.1,100.7,79,14.9,46.1,10669709,49.817492,15.472962
699,4000,Energy,Sid Bass,80,United States,Fort Worth,"Oil, investments",Energy,United States,,FALSE,U,M,4/9/1942 0:00,Bass,Sid,,04-04-2023 05:01,Texas,South,1942,4,9,117.24,7.5,"$21,427,700,000,000 ",88.2,101.8,78.5,9.6,36.6,328239523,37.09024,-95.712891
721,3900,Manufacturing,Juergen Blickle,76,Germany,Bruchsal,Auto parts,Manufacturing,Germany,,FALSE,D,M,1/1/1947 0:00,Blickle,Juergen,,04-04-2023 05:01,,,1947,1,1,112.85,1.4,"$3,845,630,030,824 ",70.2,104,80.9,11.5,48.8,83132799,51.165691,10.451526
748,3800,Service,Rahul Bhatia,63,India,Delhi,Aviation,Service,India,,FALSE,Split Family Fortune,M,6/10/1959 0:00,Bhatia,Rahul,,04-04-2023 05:01,,,1959,6,10,180.44,7.7,"$2,611,000,000,000 ",28.1,113,69.4,11.2,49.7,1366417754,20.593684,78.96288
766,3700,Finance & Investments,Hayes Barnard,51,United States,Austin,Fintech,Finance & Investments,United States,,TRUE,N,M,2/15/1972 0:00,Barnard,Hayes,,04-04-2023 05:01,Texas,South,1972,2,15,117.24,7.5,"$21,427,700,000,000 ",88.2,101.8,78.5,9.6,36.6,328239523,37.09024,-95.712891
787,3600,Diversified,Rajiv Bajaj,56,India,Pune,Diversified,Diversified,India,,FALSE,Split Family Fortune,M,12/21/1966 0:00,Bajaj,Rajiv,,04-04-2023 05:01,,,1966,12,21,180.44,7.7,"$2,611,000,000,000 ",28.1,113,69.4,11.2,49.7,1366417754,20.593684,78.96288
818,3500,Fashion & Retail,Rocco Basilico,33,United States,Los Angeles,Eyeglasses,Fashion & Retail,Italy,,FALSE,N,M,7/11/1989 0:00,Basilico,Rocco,,04-04-2023 05:01,California,West,1989,7,11,117.24,7.5,"$21,427,700,000,000 ",88.2,101.8,78.5,9.6,36.6,328239523,37.09024,-95.712891
852,3400,Finance & Investments,William Ackman,56,United States,New York,Hedge funds,Finance & Investments,United States,"Pershing Square Capital Management, L.P.",TRUE,U,M,5/11/1966 0:00,Ackman,William,"Founder, CEO",04-04-2023 05:01,New York,Northeast,1966,5,11,117.24,7.5,"$21,427,700,000,000 ",88.2,101.8,78.5,9.6,36.6,328239523,37.09024,-95.712891
878,3300,Construction & Engineering,Mohed Altrad,75,France,Montpellier,"Scaffolding, cement mixers",Construction & Engineering,France,,TRUE,D,M,3/9/1948 0:00,Altrad,Mohed,,04-04-2023 05:01,,,1948,3,9,110.05,1.1,"$2,715,518,274,227 ",65.6,102.5,82.5,24.2,60.7,67059887,46.227638,2.213749
905,3200,Food & Beverage,Karen Virginia Beckmann Legoretta,53,,,Tequila,Food & Beverage,Mexico,,FALSE,U,F,,Beckmann Legoretta,Karen Virginia,,04-04-2023 05:01,,,,,,,,,,,,,,,,
949,3100,Manufacturing,Cho Tak Wong,76,China,Fuqing,Auto parts,Manufacturing,Hong Kong,,TRUE,D,M,5/15/1946 0:00,Cho,Tak Wong,,04-04-2023 05:01,,,1946,5,15,125.08,2.9,"$19,910,000,000,000 ",50.6,100.2,77,9.4,59.2,1397715000,35.86166,104.195397
982,3000,Diversified,Abdulla bin Ahmad Al Ghurair & family,,United Arab Emirates,Dubai,Diversified,Diversified,United Arab Emirates,,FALSE,U,M,,Al Ghurair,Abdulla bin Ahmad,Athlete,04-04-2023 05:01,,,,,,114.52,-1.9,"$421,142,267,938 ",36.8,108.4,77.8,0.1,15.9,9770529,23.424076,53.847818
1027,2900,Fashion & Retail,Isak Andic & family,69,Spain,Barcelona,Fashion retail,Fashion & Retail,Spain,,TRUE,U,M,10/20/1953 0:00,Andic,Isak,,04-04-2023 05:01,,,1953,10,20,110.96,0.7,"$1,394,116,310,769 ",88.9,102.7,83.3,14.2,47,47076781,40.463667,-3.74922
1067,2800,Fashion & Retail,Joy Alukkas,66,India,Cochin,Jewelry,Fashion & Retail,India,,FALSE,U,M,9/4/1956 0:00,Alukkas,Joy,,04-04-2023 05:01,,,1956,9,4,180.44,7.7,"$2,611,000,000,000 ",28.1,113,69.4,11.2,49.7,1366417754,20.593684,78.96288
1104,2700,Finance & Investments,Jose Joao Abdalla Filho,77,Brazil,Rio de Janeiro,Investments,Finance & Investments,Brazil,,FALSE,D,M,5/30/1945 0:00,Abdalla Filho,Jose Joao,,04-04-2023 05:01,,,1945,5,30,167.4,3.7,"$1,839,758,040,766 ",51.3,115.4,75.7,14.2,65.1,212559417,-14.235004,-51.92528
1164,2600,Real Estate,Ben Ashkenazy,53,United States,New York,Real estate,Real Estate,United States,,TRUE,D,M,9/23/1969 0:00,Ashkenazy,Ben,,04-04-2023 05:01,New York,Northeast,1969,9,23,117.24,7.5,"$21,427,700,000,000 ",88.2,101.8,78.5,9.6,36.6,328239523,37.09024,-95.712891
1217,2500,Food & Beverage,S. Daniel Abraham,98,United States,Palm Beach,Slim-Fast,Food & Beverage,United States,S. Daniel Abraham Center for Middle East Peace,TRUE,U,M,8/15/1924 0:00,Abraham,S. Daniel,Chairman,04-04-2023 05:01,Florida,South,1924,8,15,117.24,7.5,"$21,427,700,000,000 ",88.2,101.8,78.5,9.6,36.6,328239523,37.09024,-95.712891
1272,2400,Technology,Brian Acton,51,United States,Palo Alto,WhatsApp,Technology,United States,WhatsApp Inc.,TRUE,D,M,2/17/1972 0:00,Acton,Brian,Cofounder,04-04-2023 05:01,California,West,1972,2,17,117.24,7.5,"$21,427,700,000,000 ",88.2,101.8,78.5,9.6,36.6,328239523,37.09024,-95.712891
1312,2300,Finance & Investments,John Armitage,63,United Kingdom,London,Hedge funds,Finance & Investments,Ireland,Egerton Capital,TRUE,D,M,12/1/1959 0:00,Armitage,John,,04-04-2023 05:01,,,1959,12,1,119.62,1.7,"$2,827,113,184,696 ",60,101.2,81.3,25.5,30.6,66834405,55.378051,-3.435973
1368,2200,Real Estate,George Argyros & family,86,United States,Newport Beach,"Real estate, investments",Real Estate,United States,Arnel & Affiliates,TRUE,D,M,2/4/1937 0:00,Argyros,George,Investor,04-04-2023 05:01,California,West,1937,2,4,117.24,7.5,"$21,427,700,000,000 ",88.2,101.8,78.5,9.6,36.6,328239523,37.09024,-95.712891
1434,2100,Metals & Mining,Alex Beard,55,United Kingdom,London,"Mining, commodities",Metals & Mining,United Kingdom,,TRUE,D,M,8/3/1967 0:00,Beard,Alex,,04-04-2023 05:01,,,1967,8,3,119.62,1.7,"$2,827,113,184,696 ",60,101.2,81.3,25.5,30.6,66834405,55.378051,-3.435973
1516,2000,Construction & Engineering,Anu Aga,80,India,Pune,Engineering,Construction & Engineering,India,,FALSE,U,F,8/1/1942 0:00,Aga,Anu,,04-04-2023 05:01,,,1942,8,1,180.44,7.7,"$2,611,000,000,000 ",28.1,113,69.4,11.2,49.7,1366417754,20.593684,78.96288
1575,1900,Diversified,Roberto Angelini Rossi,74,Chile,Santiago,"Forestry, mining",Diversified,Chile,,FALSE,U,M,7/30/1948 0:00,Angelini Rossi,Roberto,,04-04-2023 05:01,,,1948,7,30,131.91,2.6,"$282,318,159,745 ",88.5,101.4,80,18.2,34,18952038,-35.675147,-71.542969
1647,1800,Technology,Cameron Adams,43,Australia,Sydney,Software,Technology,Australia,,TRUE,D,M,12/26/1979 0:00,Adams,Cameron,,04-04-2023 05:01,,,1979,12,26,119.8,1.6,"$1,392,680,589,329 ",113.1,100.3,82.7,23,47.4,25766605,-25.274398,133.775136
1725,1700,Sports,Amy Adams Strunk,67,United States,Nashville,Tennessee Titans,Sports,United States,Tennessee Titans,FALSE,N,F,9/29/1955 0:00,Adams Strunk,Amy,Owner,04-04-2023 05:01,Tennessee,South,1955,9,29,117.24,7.5,"$21,427,700,000,000 ",88.2,101.8,78.5,9.6,36.6,328239523,37.09024,-95.712891
1804,1600,Healthcare,Noubar Afeyan,60,United States,Lexington,Biotech,Healthcare,United States,,TRUE,D,M,7/25/1962 0:00,Afeyan,Noubar,,04-04-2023 05:01,Massachusetts,Northeast,1962,7,25,117.24,7.5,"$21,427,700,000,000 ",88.2,101.8,78.5,9.6,36.6,328239523,37.09024,-95.712891
1905,1500,Food & Beverage,Shiv Kishan Agrawal,82,India,Nagpur,Snacks,Food & Beverage,India,,FALSE,N,M,1/1/1941 0:00,Agrawal,Shiv Kishan,,04-04-2023 05:01,,,1941,1,1,180.44,7.7,"$2,611,000,000,000 ",28.1,113,69.4,11.2,49.7,1366417754,20.593684,78.96288
2020,1400,Diversified,Antti Aarnio-Wihuri,83,Finland,Helsinki,Diversified,Diversified,Finland,,FALSE,D,M,2/24/1940 0:00,Aarnio-Wihuri,Antti,,04-04-2023 05:01,,,1940,2,24,112.33,1,"$268,761,201,365 ",88.2,100.2,81.7,20.8,36.6,5520314,61.92411,25.748151
2133,1300,Automotive,A. Jayson Adair,53,United States,Dallas,Damaged cars,Automotive,United States,,TRUE,U,M,10/16/1969 0:00,Adair,A. Jayson,,04-04-2023 05:01,Texas,South,1969,10,16,117.24,7.5,"$21,427,700,000,000 ",88.2,101.8,78.5,9.6,36.6,328239523,37.09024,-95.712891
2259,1200,Finance & Investments,Sanjay Agarwal,52,India,Jaipur,Banking,Finance & Investments,India,,TRUE,E,M,9/8/1970 0:00,Agarwal,Sanjay,,04-04-2023 05:01,,,1970,9,8,180.44,7.7,"$2,611,000,000,000 ",28.1,113,69.4,11.2,49.7,1366417754,20.593684,78.96288
2405,1100,Fashion & Retail,Hari Krishan Agarwal,66,India,Delhi,Sports shoes,Fashion & Retail,India,,TRUE,N,M,4/5/1956 0:00,Agarwal,Hari Krishan,,04-04-2023 05:01,,,1956,4,5,180.44,7.7,"$2,611,000,000,000 ",28.1,113,69.4,11.2,49.7,1366417754,20.593684,78.96288
2540,1000,Food & Beverage,Manohar Lal Agarwal,68,India,Delhi,Snacks,Food & Beverage,India,,FALSE,N,M,10/30/1954 0:00,Agarwal,Manohar Lal,,04-04-2023 05:01,,,1954,10,30,180.44,7.7,"$2,611,000,000,000 ",28.1,113,69.4,11.2,49.7,1366417754,20.593684,78.96288
